{
  "results": [
    {
      "command": "official (@astrojs/mdx)",
      "mean": 129.045749883,
      "stddev": null,
      "median": 129.045749883,
      "user": 153.44664912,
      "system": 12.6408498,
      "min": 129.045749883,
      "max": 129.045749883,
      "times": [
        129.045749883
      ],
      "exit_codes": [
        0
      ]
    }
  ]
}
