{
  "results": [
    {
      "command": "@astrojs/mdx",
      "mean": 140.39520206662002,
      "stddev": 6.783031586274567,
      "median": 137.26543493302,
      "user": 162.55257976,
      "system": 15.669445819999998,
      "min": 133.26417855802,
      "max": 149.26025355902001,
      "times": [
        149.26025355902001,
        137.26543493302,
        136.41183518302,
        145.77430810002002,
        133.26417855802
      ],
      "exit_codes": [
        0,
        0,
        0,
        0,
        0
      ]
    },
    {
      "command": "astro-xmdx",
      "mean": 72.60735696662,
      "stddev": 2.685880634292487,
      "median": 73.03777339102,
      "user": 90.88088376,
      "system": 12.045070419999998,
      "min": 69.98263801601999,
      "max": 76.63406393301999,
      "times": [
        76.63406393301999,
        73.08546268402,
        69.98263801601999,
        70.29684680902,
        73.03777339102
      ],
      "exit_codes": [
        0,
        0,
        0,
        0,
        0
      ]
    }
  ]
}
