{
  "results": [
    {
      "command": "official (@astrojs/mdx)",
      "mean": 126.8031845628,
      "stddev": null,
      "median": 126.8031845628,
      "user": 150.83440762,
      "system": 11.83409238,
      "min": 126.8031845628,
      "max": 126.8031845628,
      "times": [
        126.8031845628
      ],
      "exit_codes": [
        0
      ]
    },
    {
      "command": "xmdx-override (overrides)",
      "mean": 63.599948853799994,
      "stddev": null,
      "median": 63.599948853799994,
      "user": 83.19060062,
      "system": 9.33356238,
      "min": 63.599948853799994,
      "max": 63.599948853799994,
      "times": [
        63.599948853799994
      ],
      "exit_codes": [
        0
      ]
    },
    {
      "command": "xmdx-integration (xmdx())",
      "mean": 409.0047235618,
      "stddev": null,
      "median": 409.0047235618,
      "user": 429.02058162,
      "system": 12.01513638,
      "min": 409.0047235618,
      "max": 409.0047235618,
      "times": [
        409.0047235618
      ],
      "exit_codes": [
        0
      ]
    }
  ]
}
